<?xml version="1.0" encoding="UTF-8"?>
<!-- generated by: Y. C. Lee -->
<config randomSeed="2000"> 
  <servers>
	<server type="tiny" limit="20" bootupTime="60" hourlyRate="0.1" cores="1" memory="1000" disk="4000" />
	<server type="small" limit="20" bootupTime="60" hourlyRate="0.2" cores="2" memory="4000" disk="16000" />
	<server type="medium" limit="20" bootupTime="60" hourlyRate="0.4" cores="4" memory="16000" disk="64000" />
	<server type="large" limit="20" bootupTime="60" hourlyRate="0.8" cores="8" memory="32000" disk="256000" />
	<server type="xlarge" limit="20" bootupTime="60" hourlyRate="1.6" cores="16" memory="64000" disk="512000" />
  </servers>
  <jobs>
	<job type="instant" minRunTime="1" maxRunTime="30" populationRate="15" />
	<job type="short" minRunTime="11" maxRunTime="180" populationRate="40" />
	<job type="medium" minRunTime="301" maxRunTime="900" populationRate="30" />
	<job type="long" minRunTime="1801" maxRunTime="43200" populationRate="10" />
	<job type="verylong" minRunTime="3601" maxRunTime="100000" populationRate="5" />
  </jobs>
  <workload type="light" minLoad="10" maxLoad="30" />
  <termination>
	<!-- simulation terminates whichever condition meets first -->
	<!-- 60 seconds * 60 minutes * 24 hours * 3 days = 129600 seconds -->
	<condition type="endtime" value="129600" />
	<condition type="jobcount" value="500" />
  </termination>
</config>
