<?xml version="1.0" encoding="UTF-8"?>
<!-- generated by: Y. C. Lee -->
<config randomSeed="1024">   
  <servers>
	<server type="tiny" limit="16" bootupTime="60" hourlyRate="0.1" cores="1" memory="2000" disk="16000" />
	<server type="small" limit="16" bootupTime="60" hourlyRate="0.2" cores="2" memory="4000" disk="32000" />
	<server type="medium" limit="8" bootupTime="60" hourlyRate="0.4" cores="4" memory="8000" disk="64000" />
	<server type="large" limit="4" bootupTime="60" hourlyRate="0.8" cores="8" memory="16000" disk="128000" />
	<server type="xlarge" limit="4" bootupTime="60" hourlyRate="1.6" cores="16" memory="32000" disk="256000" />
  </servers>
  <jobs>
	<job type="instant" minRunTime="1" maxRunTime="30" populationRate="10" />
	<job type="short" minRunTime="31" maxRunTime="180" populationRate="30" />
	<job type="medium" minRunTime="181" maxRunTime="600" populationRate="30" />
	<job type="long" minRunTime="601" maxRunTime="1800" populationRate="20" />
	<job type="verylong" minRunTime="1801" maxRunTime="100000" populationRate="10" />
  </jobs>
  <workload type="medium" minLoad="60" maxLoad="90" />
  <termination>
	<condition type="endtime" value="986400" />
	<condition type="jobcount" value="2000" />
  </termination>
</config>
