<?xml version="1.0" encoding="UTF-8"?>
<!-- generated by: Y. C. Lee -->
<config randomSeed="1024">   
  <servers>
	<server type="offload" limit="2" bootupTime="40" hourlyRate="0.2" cores="2" memory="4000" disk="16000" />
	<server type="highway" limit="2" bootupTime="60" hourlyRate="0.4" cores="4" memory="16000" disk="64000" />
	<server type="silkroad" limit="2" bootupTime="80" hourlyRate="0.8" cores="8" memory="64000" disk="512000" />
  </servers>
  <jobs>
	<job type="short" minRunTime="1" maxRunTime="300" populationRate="30" />
	<job type="medium" minRunTime="301" maxRunTime="1800" populationRate="50" />
	<job type="long" minRunTime="1801" maxRunTime="100000" populationRate="20" />
  </jobs>
  <workload type="moderate" minLoad="50" maxLoad="90" />
  <termination>
	<condition type="endtime" value="604800" />
	<condition type="jobcount" value="100" />
  </termination>
</config> 
